<?xml version="1.0" encoding="UTF-8"?>
<!DOCTYPE mapper PUBLIC "-//mybatis.org//DTD Mapper 3.0//EN" "http://mybatis.org/dtd/mybatis-3-mapper.dtd">
<mapper namespace="com.dliberty.liberty.mapper.AccountBudgetMapper">
  <resultMap id="BaseResultMap" type="com.dliberty.liberty.entity.AccountBudget">
    <id column="id" jdbcType="INTEGER" property="id" />
    <result column="user_id" jdbcType="INTEGER" property="userId" />
    <result column="budget_year" jdbcType="INTEGER" property="budgetYear" />
    <result column="budget_month" jdbcType="INTEGER" property="budgetMonth" />
    <result column="budget_money" jdbcType="INTEGER" property="budgetMoney" />
    <result column="create_time" jdbcType="TIMESTAMP" property="createTime" />
    <result column="update_time" jdbcType="TIMESTAMP" property="updateTime" />
  </resultMap>
  <delete id="deleteByPrimaryKey" parameterType="java.lang.Integer">
    delete from account_budget
    where id = #{id,jdbcType=INTEGER}
  </delete>
  <insert id="insert" parameterType="com.dliberty.liberty.entity.AccountBudget">
    <selectKey keyProperty="id" order="AFTER" resultType="java.lang.Integer">
      SELECT LAST_INSERT_ID()
    </selectKey>
    insert into account_budget (user_id, budget_year, budget_month, 
      budget_money, create_time, update_time
      )
    values (#{userId,jdbcType=INTEGER}, #{budgetYear,jdbcType=INTEGER}, #{budgetMonth,jdbcType=INTEGER}, 
      #{budgetMoney,jdbcType=INTEGER}, #{createTime,jdbcType=TIMESTAMP}, #{updateTime,jdbcType=TIMESTAMP}
      )
  </insert>
  <update id="updateByPrimaryKey" parameterType="com.dliberty.liberty.entity.AccountBudget">
    update account_budget
    set user_id = #{userId,jdbcType=INTEGER},
      budget_year = #{budgetYear,jdbcType=INTEGER},
      budget_month = #{budgetMonth,jdbcType=INTEGER},
      budget_money = #{budgetMoney,jdbcType=INTEGER},
      create_time = #{createTime,jdbcType=TIMESTAMP},
      update_time = #{updateTime,jdbcType=TIMESTAMP}
    where id = #{id,jdbcType=INTEGER}
  </update>
  <select id="selectByPrimaryKey" parameterType="java.lang.Integer" resultMap="BaseResultMap">
    select id, user_id, budget_year, budget_month, budget_money, create_time, update_time
    from account_budget
    where id = #{id,jdbcType=INTEGER}
  </select>
  <select id="selectAll" resultMap="BaseResultMap">
    select id, user_id, budget_year, budget_month, budget_money, create_time, update_time
    from account_budget
  </select>
  
  <select id="selectBudget" parameterType="java.lang.Integer" resultMap="BaseResultMap">
    select id, user_id, budget_year, budget_month, budget_money, create_time, update_time
    from account_budget
    where 
    budget_year = #{year,jdbcType=INTEGER} 
    and
      budget_month = #{month,jdbcType=INTEGER}
      and
      user_id = #{userId,jdbcType=INTEGER} order by id desc limit 1
  </select>
</mapper>