<?xml version="1.0" encoding="UTF-8"?>
<!DOCTYPE mapper PUBLIC "-//mybatis.org//DTD Mapper 3.0//EN" "http://mybatis.org/dtd/mybatis-3-mapper.dtd">
<mapper namespace="com.dliberty.liberty.mapper.DiscountMapper">
  <resultMap id="BaseResultMap" type="com.dliberty.liberty.entity.Discount">
    <id column="ID" jdbcType="INTEGER" property="id" />
    <result column="SOURCE_CODE" jdbcType="VARCHAR" property="sourceCode" />
    <result column="DISCOUNT_TYPE" jdbcType="INTEGER" property="discountType" />
    <result column="DISCOUNT_ID" jdbcType="VARCHAR" property="discountId" />
    <result column="DISCOUNT_CODE" jdbcType="VARCHAR" property="discountCode" />
    <result column="DISCOUNT_MONEY" jdbcType="INTEGER" property="discountMoney" />
    <result column="EXPIRE" jdbcType="INTEGER" property="expire" />
    <result column="BEGIN_TIME" jdbcType="TIMESTAMP" property="beginTime" />
    <result column="END_TIME" jdbcType="TIMESTAMP" property="endTime" />
    <result column="STATUS" jdbcType="INTEGER" property="status" />
    <result column="DESC_REMARK" jdbcType="VARCHAR" property="descRemark" />
    <result column="DISCOUNT_RANGE_DESC" jdbcType="VARCHAR" property="discountRangeDesc" />
    <result column="USE_URL" jdbcType="VARCHAR" property="useUrl" />
    <result column="DISCOUNT_USE_TYPE" jdbcType="INTEGER" property="discountUseType" />
    <result column="DISTRIBUTION_STATUS" jdbcType="INTEGER" property="distributionStatus" />
    <result column="PERCENT_OFF" jdbcType="DECIMAL" property="percentOff" />
  </resultMap>
  <delete id="deleteByPrimaryKey" parameterType="java.lang.Integer">
    delete from discount
    where ID = #{id,jdbcType=INTEGER}
  </delete>
  <insert id="insert" parameterType="com.dliberty.liberty.entity.Discount">
    <selectKey keyProperty="id" order="AFTER" resultType="java.lang.Integer">
      SELECT LAST_INSERT_ID()
    </selectKey>
    insert into discount (SOURCE_CODE, DISCOUNT_TYPE, DISCOUNT_ID, 
      DISCOUNT_CODE, DISCOUNT_MONEY, EXPIRE, 
      BEGIN_TIME, END_TIME, STATUS, 
      DESC_REMARK, DISCOUNT_RANGE_DESC, USE_URL, 
      DISCOUNT_USE_TYPE, DISTRIBUTION_STATUS, PERCENT_OFF
      )
    values (#{sourceCode,jdbcType=VARCHAR}, #{discountType,jdbcType=INTEGER}, #{discountId,jdbcType=VARCHAR}, 
      #{discountCode,jdbcType=VARCHAR}, #{discountMoney,jdbcType=INTEGER}, #{expire,jdbcType=INTEGER}, 
      #{beginTime,jdbcType=TIMESTAMP}, #{endTime,jdbcType=TIMESTAMP}, #{status,jdbcType=INTEGER}, 
      #{descRemark,jdbcType=VARCHAR}, #{discountRangeDesc,jdbcType=VARCHAR}, #{useUrl,jdbcType=VARCHAR}, 
      #{discountUseType,jdbcType=INTEGER}, #{distributionStatus,jdbcType=INTEGER}, #{percentOff,jdbcType=DECIMAL}
      )
  </insert>
  <update id="updateByPrimaryKey" parameterType="com.dliberty.liberty.entity.Discount">
    update discount
    set SOURCE_CODE = #{sourceCode,jdbcType=VARCHAR},
      DISCOUNT_TYPE = #{discountType,jdbcType=INTEGER},
      DISCOUNT_ID = #{discountId,jdbcType=VARCHAR},
      DISCOUNT_CODE = #{discountCode,jdbcType=VARCHAR},
      DISCOUNT_MONEY = #{discountMoney,jdbcType=INTEGER},
      EXPIRE = #{expire,jdbcType=INTEGER},
      BEGIN_TIME = #{beginTime,jdbcType=TIMESTAMP},
      END_TIME = #{endTime,jdbcType=TIMESTAMP},
      STATUS = #{status,jdbcType=INTEGER},
      DESC_REMARK = #{descRemark,jdbcType=VARCHAR},
      DISCOUNT_RANGE_DESC = #{discountRangeDesc,jdbcType=VARCHAR},
      USE_URL = #{useUrl,jdbcType=VARCHAR},
      DISCOUNT_USE_TYPE = #{discountUseType,jdbcType=INTEGER},
      DISTRIBUTION_STATUS = #{distributionStatus,jdbcType=INTEGER},
      PERCENT_OFF = #{percentOff,jdbcType=DECIMAL}
    where ID = #{id,jdbcType=INTEGER}
  </update>
  <select id="selectByPrimaryKey" parameterType="java.lang.Integer" resultMap="BaseResultMap">
    select ID, SOURCE_CODE, DISCOUNT_TYPE, DISCOUNT_ID, DISCOUNT_CODE, DISCOUNT_MONEY, 
    EXPIRE, BEGIN_TIME, END_TIME, STATUS, DESC_REMARK, DISCOUNT_RANGE_DESC, USE_URL, 
    DISCOUNT_USE_TYPE, DISTRIBUTION_STATUS, PERCENT_OFF
    from discount
    where ID = #{id,jdbcType=INTEGER}
  </select>
  <select id="selectAll" resultMap="BaseResultMap">
    select ID, SOURCE_CODE, DISCOUNT_TYPE, DISCOUNT_ID, DISCOUNT_CODE, DISCOUNT_MONEY, 
    EXPIRE, BEGIN_TIME, END_TIME, STATUS, DESC_REMARK, DISCOUNT_RANGE_DESC, USE_URL, 
    DISCOUNT_USE_TYPE, DISTRIBUTION_STATUS, PERCENT_OFF
    from discount
  </select>
</mapper>